{
  "students": [
    {
      "id": "1",
      "name": "John Doe",
      "city": "New York"
    },
    {
      "id": "2",
      "name": "Jane Smith",
      "city": "Los Angeles"
    },
    {
      "id": "3",
      "name": "Bob Johnson",
      "city": "Chicago"
    },
    {
      "id": "c898",
      "name": "Ehab",
      "city": "Assiut"
    },
    {
      "id": "33d5",
      "name": "Ehab",
      "city": "Assiut"
    },
    {
      "id": "7285",
      "name": "Ehab",
      "city": "Assiut"
    },
    {
      "id": "fee2",
      "name": "Ehab",
      "city": "Assiut"
    },
    {
      "id": "cf90",
      "name": "Ehab",
      "city": "Assiut"
    },
    {
      "id": "3a3a",
      "name": "Ehab",
      "city": "Assiut"
    },
    {
      "id": "8afe",
      "name": "Ehab",
      "city": "Assiut"
    },
    {
      "id": "8197",
      "name": "Ehab",
      "city": "Assiut"
    },
    {
      "id": "c726",
      "name": "Ehab",
      "city": "Assiut"
    },
    {
      "id": "19ee",
      "name": "Ehab",
      "city": "Assiut"
    },
    {
      "id": "6f31",
      "name": "ehab rashed",
      "city": "Assiut"
    }
  ]
}